Time_key,Hour,Minute,Second,AM_PM,PartOfDay
0,0,0,0,AM,Night
1,0,1,0,AM,Night
2,0,2,0,AM,Night
3,0,3,0,AM,Night
4,0,4,0,AM,Night
5,0,5,0,AM,Night
6,0,6,0,AM,Night
7,0,7,0,AM,Night
8,0,8,0,AM,Night
9,0,9,0,AM,Night
10,0,10,0,AM,Night
11,0,11,0,AM,Night
12,0,12,0,AM,Night
13,0,13,0,AM,Night
14,0,14,0,AM,Night
15,0,15,0,AM,Night
16,0,16,0,AM,Night
17,0,17,0,AM,Night
18,0,18,0,AM,Night
19,0,19,0,AM,Night
20,0,20,0,AM,Night
21,0,21,0,AM,Night
22,0,22,0,AM,Night
23,0,23,0,AM,Night
24,0,24,0,AM,Night
25,0,25,0,AM,Night
26,0,26,0,AM,Night
27,0,27,0,AM,Night
28,0,28,0,AM,Night
29,0,29,0,AM,Night
30,0,30,0,AM,Night
31,0,31,0,AM,Night
32,0,32,0,AM,Night
33,0,33,0,AM,Night
34,0,34,0,AM,Night
35,0,35,0,AM,Night
36,0,36,0,AM,Night
37,0,37,0,AM,Night
38,0,38,0,AM,Night
39,0,39,0,AM,Night
40,0,40,0,AM,Night
41,0,41,0,AM,Night
42,0,42,0,AM,Night
43,0,43,0,AM,Night
44,0,44,0,AM,Night
45,0,45,0,AM,Night
46,0,46,0,AM,Night
47,0,47,0,AM,Night
48,0,48,0,AM,Night
49,0,49,0,AM,Night
50,0,50,0,AM,Night
51,0,51,0,AM,Night
52,0,52,0,AM,Night
53,0,53,0,AM,Night
54,0,54,0,AM,Night
55,0,55,0,AM,Night
56,0,56,0,AM,Night
57,0,57,0,AM,Night
58,0,58,0,AM,Night
59,0,59,0,AM,Night
100,1,0,0,AM,Night
101,1,1,0,AM,Night
102,1,2,0,AM,Night
103,1,3,0,AM,Night
104,1,4,0,AM,Night
105,1,5,0,AM,Night
106,1,6,0,AM,Night
107,1,7,0,AM,Night
108,1,8,0,AM,Night
109,1,9,0,AM,Night
110,1,10,0,AM,Night
111,1,11,0,AM,Night
112,1,12,0,AM,Night
113,1,13,0,AM,Night
114,1,14,0,AM,Night
115,1,15,0,AM,Night
116,1,16,0,AM,Night
117,1,17,0,AM,Night
118,1,18,0,AM,Night
119,1,19,0,AM,Night
120,1,20,0,AM,Night
121,1,21,0,AM,Night
122,1,22,0,AM,Night
123,1,23,0,AM,Night
124,1,24,0,AM,Night
125,1,25,0,AM,Night
126,1,26,0,AM,Night
127,1,27,0,AM,Night
128,1,28,0,AM,Night
129,1,29,0,AM,Night
130,1,30,0,AM,Night
131,1,31,0,AM,Night
132,1,32,0,AM,Night
133,1,33,0,AM,Night
134,1,34,0,AM,Night
135,1,35,0,AM,Night
136,1,36,0,AM,Night
137,1,37,0,AM,Night
138,1,38,0,AM,Night
139,1,39,0,AM,Night
140,1,40,0,AM,Night
141,1,41,0,AM,Night
142,1,42,0,AM,Night
143,1,43,0,AM,Night
144,1,44,0,AM,Night
145,1,45,0,AM,Night
146,1,46,0,AM,Night
147,1,47,0,AM,Night
148,1,48,0,AM,Night
149,1,49,0,AM,Night
150,1,50,0,AM,Night
151,1,51,0,AM,Night
152,1,52,0,AM,Night
153,1,53,0,AM,Night
154,1,54,0,AM,Night
155,1,55,0,AM,Night
156,1,56,0,AM,Night
157,1,57,0,AM,Night
158,1,58,0,AM,Night
159,1,59,0,AM,Night
200,2,0,0,AM,Night
201,2,1,0,AM,Night
202,2,2,0,AM,Night
203,2,3,0,AM,Night
204,2,4,0,AM,Night
205,2,5,0,AM,Night
206,2,6,0,AM,Night
207,2,7,0,AM,Night
208,2,8,0,AM,Night
209,2,9,0,AM,Night
210,2,10,0,AM,Night
211,2,11,0,AM,Night
212,2,12,0,AM,Night
213,2,13,0,AM,Night
214,2,14,0,AM,Night
215,2,15,0,AM,Night
216,2,16,0,AM,Night
217,2,17,0,AM,Night
218,2,18,0,AM,Night
219,2,19,0,AM,Night
220,2,20,0,AM,Night
221,2,21,0,AM,Night
222,2,22,0,AM,Night
223,2,23,0,AM,Night
224,2,24,0,AM,Night
225,2,25,0,AM,Night
226,2,26,0,AM,Night
227,2,27,0,AM,Night
228,2,28,0,AM,Night
229,2,29,0,AM,Night
230,2,30,0,AM,Night
231,2,31,0,AM,Night
232,2,32,0,AM,Night
233,2,33,0,AM,Night
234,2,34,0,AM,Night
235,2,35,0,AM,Night
236,2,36,0,AM,Night
237,2,37,0,AM,Night
238,2,38,0,AM,Night
239,2,39,0,AM,Night
240,2,40,0,AM,Night
241,2,41,0,AM,Night
242,2,42,0,AM,Night
243,2,43,0,AM,Night
244,2,44,0,AM,Night
245,2,45,0,AM,Night
246,2,46,0,AM,Night
247,2,47,0,AM,Night
248,2,48,0,AM,Night
249,2,49,0,AM,Night
250,2,50,0,AM,Night
251,2,51,0,AM,Night
252,2,52,0,AM,Night
253,2,53,0,AM,Night
254,2,54,0,AM,Night
255,2,55,0,AM,Night
256,2,56,0,AM,Night
257,2,57,0,AM,Night
258,2,58,0,AM,Night
259,2,59,0,AM,Night
300,3,0,0,AM,Night
301,3,1,0,AM,Night
302,3,2,0,AM,Night
303,3,3,0,AM,Night
304,3,4,0,AM,Night
305,3,5,0,AM,Night
306,3,6,0,AM,Night
307,3,7,0,AM,Night
308,3,8,0,AM,Night
309,3,9,0,AM,Night
310,3,10,0,AM,Night
311,3,11,0,AM,Night
312,3,12,0,AM,Night
313,3,13,0,AM,Night
314,3,14,0,AM,Night
315,3,15,0,AM,Night
316,3,16,0,AM,Night
317,3,17,0,AM,Night
318,3,18,0,AM,Night
319,3,19,0,AM,Night
320,3,20,0,AM,Night
321,3,21,0,AM,Night
322,3,22,0,AM,Night
323,3,23,0,AM,Night
324,3,24,0,AM,Night
325,3,25,0,AM,Night
326,3,26,0,AM,Night
327,3,27,0,AM,Night
328,3,28,0,AM,Night
329,3,29,0,AM,Night
330,3,30,0,AM,Night
331,3,31,0,AM,Night
332,3,32,0,AM,Night
333,3,33,0,AM,Night
334,3,34,0,AM,Night
335,3,35,0,AM,Night
336,3,36,0,AM,Night
337,3,37,0,AM,Night
338,3,38,0,AM,Night
339,3,39,0,AM,Night
340,3,40,0,AM,Night
341,3,41,0,AM,Night
342,3,42,0,AM,Night
343,3,43,0,AM,Night
344,3,44,0,AM,Night
345,3,45,0,AM,Night
346,3,46,0,AM,Night
347,3,47,0,AM,Night
348,3,48,0,AM,Night
349,3,49,0,AM,Night
350,3,50,0,AM,Night
351,3,51,0,AM,Night
352,3,52,0,AM,Night
353,3,53,0,AM,Night
354,3,54,0,AM,Night
355,3,55,0,AM,Night
356,3,56,0,AM,Night
357,3,57,0,AM,Night
358,3,58,0,AM,Night
359,3,59,0,AM,Night
400,4,0,0,AM,Night
401,4,1,0,AM,Night
402,4,2,0,AM,Night
403,4,3,0,AM,Night
404,4,4,0,AM,Night
405,4,5,0,AM,Night
406,4,6,0,AM,Night
407,4,7,0,AM,Night
408,4,8,0,AM,Night
409,4,9,0,AM,Night
410,4,10,0,AM,Night
411,4,11,0,AM,Night
412,4,12,0,AM,Night
413,4,13,0,AM,Night
414,4,14,0,AM,Night
415,4,15,0,AM,Night
416,4,16,0,AM,Night
417,4,17,0,AM,Night
418,4,18,0,AM,Night
419,4,19,0,AM,Night
420,4,20,0,AM,Night
421,4,21,0,AM,Night
422,4,22,0,AM,Night
423,4,23,0,AM,Night
424,4,24,0,AM,Night
425,4,25,0,AM,Night
426,4,26,0,AM,Night
427,4,27,0,AM,Night
428,4,28,0,AM,Night
429,4,29,0,AM,Night
430,4,30,0,AM,Night
431,4,31,0,AM,Night
432,4,32,0,AM,Night
433,4,33,0,AM,Night
434,4,34,0,AM,Night
435,4,35,0,AM,Night
436,4,36,0,AM,Night
437,4,37,0,AM,Night
438,4,38,0,AM,Night
439,4,39,0,AM,Night
440,4,40,0,AM,Night
441,4,41,0,AM,Night
442,4,42,0,AM,Night
443,4,43,0,AM,Night
444,4,44,0,AM,Night
445,4,45,0,AM,Night
446,4,46,0,AM,Night
447,4,47,0,AM,Night
448,4,48,0,AM,Night
449,4,49,0,AM,Night
450,4,50,0,AM,Night
451,4,51,0,AM,Night
452,4,52,0,AM,Night
453,4,53,0,AM,Night
454,4,54,0,AM,Night
455,4,55,0,AM,Night
456,4,56,0,AM,Night
457,4,57,0,AM,Night
458,4,58,0,AM,Night
459,4,59,0,AM,Night
500,5,0,0,AM,Night
501,5,1,0,AM,Night
502,5,2,0,AM,Night
503,5,3,0,AM,Night
504,5,4,0,AM,Night
505,5,5,0,AM,Night
506,5,6,0,AM,Night
507,5,7,0,AM,Night
508,5,8,0,AM,Night
509,5,9,0,AM,Night
510,5,10,0,AM,Night
511,5,11,0,AM,Night
512,5,12,0,AM,Night
513,5,13,0,AM,Night
514,5,14,0,AM,Night
515,5,15,0,AM,Night
516,5,16,0,AM,Night
517,5,17,0,AM,Night
518,5,18,0,AM,Night
519,5,19,0,AM,Night
520,5,20,0,AM,Night
521,5,21,0,AM,Night
522,5,22,0,AM,Night
523,5,23,0,AM,Night
524,5,24,0,AM,Night
525,5,25,0,AM,Night
526,5,26,0,AM,Night
527,5,27,0,AM,Night
528,5,28,0,AM,Night
529,5,29,0,AM,Night
530,5,30,0,AM,Night
531,5,31,0,AM,Night
532,5,32,0,AM,Night
533,5,33,0,AM,Night
534,5,34,0,AM,Night
535,5,35,0,AM,Night
536,5,36,0,AM,Night
537,5,37,0,AM,Night
538,5,38,0,AM,Night
539,5,39,0,AM,Night
540,5,40,0,AM,Night
541,5,41,0,AM,Night
542,5,42,0,AM,Night
543,5,43,0,AM,Night
544,5,44,0,AM,Night
545,5,45,0,AM,Night
546,5,46,0,AM,Night
547,5,47,0,AM,Night
548,5,48,0,AM,Night
549,5,49,0,AM,Night
550,5,50,0,AM,Night
551,5,51,0,AM,Night
552,5,52,0,AM,Night
553,5,53,0,AM,Night
554,5,54,0,AM,Night
555,5,55,0,AM,Night
556,5,56,0,AM,Night
557,5,57,0,AM,Night
558,5,58,0,AM,Night
559,5,59,0,AM,Night
600,6,0,0,AM,Morning
601,6,1,0,AM,Morning
602,6,2,0,AM,Morning
603,6,3,0,AM,Morning
604,6,4,0,AM,Morning
605,6,5,0,AM,Morning
606,6,6,0,AM,Morning
607,6,7,0,AM,Morning
608,6,8,0,AM,Morning
609,6,9,0,AM,Morning
610,6,10,0,AM,Morning
611,6,11,0,AM,Morning
612,6,12,0,AM,Morning
613,6,13,0,AM,Morning
614,6,14,0,AM,Morning
615,6,15,0,AM,Morning
616,6,16,0,AM,Morning
617,6,17,0,AM,Morning
618,6,18,0,AM,Morning
619,6,19,0,AM,Morning
620,6,20,0,AM,Morning
621,6,21,0,AM,Morning
622,6,22,0,AM,Morning
623,6,23,0,AM,Morning
624,6,24,0,AM,Morning
625,6,25,0,AM,Morning
626,6,26,0,AM,Morning
627,6,27,0,AM,Morning
628,6,28,0,AM,Morning
629,6,29,0,AM,Morning
630,6,30,0,AM,Morning
631,6,31,0,AM,Morning
632,6,32,0,AM,Morning
633,6,33,0,AM,Morning
634,6,34,0,AM,Morning
635,6,35,0,AM,Morning
636,6,36,0,AM,Morning
637,6,37,0,AM,Morning
638,6,38,0,AM,Morning
639,6,39,0,AM,Morning
640,6,40,0,AM,Morning
641,6,41,0,AM,Morning
642,6,42,0,AM,Morning
643,6,43,0,AM,Morning
644,6,44,0,AM,Morning
645,6,45,0,AM,Morning
646,6,46,0,AM,Morning
647,6,47,0,AM,Morning
648,6,48,0,AM,Morning
649,6,49,0,AM,Morning
650,6,50,0,AM,Morning
651,6,51,0,AM,Morning
652,6,52,0,AM,Morning
653,6,53,0,AM,Morning
654,6,54,0,AM,Morning
655,6,55,0,AM,Morning
656,6,56,0,AM,Morning
657,6,57,0,AM,Morning
658,6,58,0,AM,Morning
659,6,59,0,AM,Morning
700,7,0,0,AM,Morning
701,7,1,0,AM,Morning
702,7,2,0,AM,Morning
703,7,3,0,AM,Morning
704,7,4,0,AM,Morning
705,7,5,0,AM,Morning
706,7,6,0,AM,Morning
707,7,7,0,AM,Morning
708,7,8,0,AM,Morning
709,7,9,0,AM,Morning
710,7,10,0,AM,Morning
711,7,11,0,AM,Morning
712,7,12,0,AM,Morning
713,7,13,0,AM,Morning
714,7,14,0,AM,Morning
715,7,15,0,AM,Morning
716,7,16,0,AM,Morning
717,7,17,0,AM,Morning
718,7,18,0,AM,Morning
719,7,19,0,AM,Morning
720,7,20,0,AM,Morning
721,7,21,0,AM,Morning
722,7,22,0,AM,Morning
723,7,23,0,AM,Morning
724,7,24,0,AM,Morning
725,7,25,0,AM,Morning
726,7,26,0,AM,Morning
727,7,27,0,AM,Morning
728,7,28,0,AM,Morning
729,7,29,0,AM,Morning
730,7,30,0,AM,Morning
731,7,31,0,AM,Morning
732,7,32,0,AM,Morning
733,7,33,0,AM,Morning
734,7,34,0,AM,Morning
735,7,35,0,AM,Morning
736,7,36,0,AM,Morning
737,7,37,0,AM,Morning
738,7,38,0,AM,Morning
739,7,39,0,AM,Morning
740,7,40,0,AM,Morning
741,7,41,0,AM,Morning
742,7,42,0,AM,Morning
743,7,43,0,AM,Morning
744,7,44,0,AM,Morning
745,7,45,0,AM,Morning
746,7,46,0,AM,Morning
747,7,47,0,AM,Morning
748,7,48,0,AM,Morning
749,7,49,0,AM,Morning
750,7,50,0,AM,Morning
751,7,51,0,AM,Morning
752,7,52,0,AM,Morning
753,7,53,0,AM,Morning
754,7,54,0,AM,Morning
755,7,55,0,AM,Morning
756,7,56,0,AM,Morning
757,7,57,0,AM,Morning
758,7,58,0,AM,Morning
759,7,59,0,AM,Morning
800,8,0,0,AM,Morning
801,8,1,0,AM,Morning
802,8,2,0,AM,Morning
803,8,3,0,AM,Morning
804,8,4,0,AM,Morning
805,8,5,0,AM,Morning
806,8,6,0,AM,Morning
807,8,7,0,AM,Morning
808,8,8,0,AM,Morning
809,8,9,0,AM,Morning
810,8,10,0,AM,Morning
811,8,11,0,AM,Morning
812,8,12,0,AM,Morning
813,8,13,0,AM,Morning
814,8,14,0,AM,Morning
815,8,15,0,AM,Morning
816,8,16,0,AM,Morning
817,8,17,0,AM,Morning
818,8,18,0,AM,Morning
819,8,19,0,AM,Morning
820,8,20,0,AM,Morning
821,8,21,0,AM,Morning
822,8,22,0,AM,Morning
823,8,23,0,AM,Morning
824,8,24,0,AM,Morning
825,8,25,0,AM,Morning
826,8,26,0,AM,Morning
827,8,27,0,AM,Morning
828,8,28,0,AM,Morning
829,8,29,0,AM,Morning
830,8,30,0,AM,Morning
831,8,31,0,AM,Morning
832,8,32,0,AM,Morning
833,8,33,0,AM,Morning
834,8,34,0,AM,Morning
835,8,35,0,AM,Morning
836,8,36,0,AM,Morning
837,8,37,0,AM,Morning
838,8,38,0,AM,Morning
839,8,39,0,AM,Morning
840,8,40,0,AM,Morning
841,8,41,0,AM,Morning
842,8,42,0,AM,Morning
843,8,43,0,AM,Morning
844,8,44,0,AM,Morning
845,8,45,0,AM,Morning
846,8,46,0,AM,Morning
847,8,47,0,AM,Morning
848,8,48,0,AM,Morning
849,8,49,0,AM,Morning
850,8,50,0,AM,Morning
851,8,51,0,AM,Morning
852,8,52,0,AM,Morning
853,8,53,0,AM,Morning
854,8,54,0,AM,Morning
855,8,55,0,AM,Morning
856,8,56,0,AM,Morning
857,8,57,0,AM,Morning
858,8,58,0,AM,Morning
859,8,59,0,AM,Morning
900,9,0,0,AM,Morning
901,9,1,0,AM,Morning
902,9,2,0,AM,Morning
903,9,3,0,AM,Morning
904,9,4,0,AM,Morning
905,9,5,0,AM,Morning
906,9,6,0,AM,Morning
907,9,7,0,AM,Morning
908,9,8,0,AM,Morning
909,9,9,0,AM,Morning
910,9,10,0,AM,Morning
911,9,11,0,AM,Morning
912,9,12,0,AM,Morning
913,9,13,0,AM,Morning
914,9,14,0,AM,Morning
915,9,15,0,AM,Morning
916,9,16,0,AM,Morning
917,9,17,0,AM,Morning
918,9,18,0,AM,Morning
919,9,19,0,AM,Morning
920,9,20,0,AM,Morning
921,9,21,0,AM,Morning
922,9,22,0,AM,Morning
923,9,23,0,AM,Morning
924,9,24,0,AM,Morning
925,9,25,0,AM,Morning
926,9,26,0,AM,Morning
927,9,27,0,AM,Morning
928,9,28,0,AM,Morning
929,9,29,0,AM,Morning
930,9,30,0,AM,Morning
931,9,31,0,AM,Morning
932,9,32,0,AM,Morning
933,9,33,0,AM,Morning
934,9,34,0,AM,Morning
935,9,35,0,AM,Morning
936,9,36,0,AM,Morning
937,9,37,0,AM,Morning
938,9,38,0,AM,Morning
939,9,39,0,AM,Morning
940,9,40,0,AM,Morning
941,9,41,0,AM,Morning
942,9,42,0,AM,Morning
943,9,43,0,AM,Morning
944,9,44,0,AM,Morning
945,9,45,0,AM,Morning
946,9,46,0,AM,Morning
947,9,47,0,AM,Morning
948,9,48,0,AM,Morning
949,9,49,0,AM,Morning
950,9,50,0,AM,Morning
951,9,51,0,AM,Morning
952,9,52,0,AM,Morning
953,9,53,0,AM,Morning
954,9,54,0,AM,Morning
955,9,55,0,AM,Morning
956,9,56,0,AM,Morning
957,9,57,0,AM,Morning
958,9,58,0,AM,Morning
959,9,59,0,AM,Morning
1000,10,0,0,AM,Morning
1001,10,1,0,AM,Morning
1002,10,2,0,AM,Morning
1003,10,3,0,AM,Morning
1004,10,4,0,AM,Morning
1005,10,5,0,AM,Morning
1006,10,6,0,AM,Morning
1007,10,7,0,AM,Morning
1008,10,8,0,AM,Morning
1009,10,9,0,AM,Morning
1010,10,10,0,AM,Morning
1011,10,11,0,AM,Morning
1012,10,12,0,AM,Morning
1013,10,13,0,AM,Morning
1014,10,14,0,AM,Morning
1015,10,15,0,AM,Morning
1016,10,16,0,AM,Morning
1017,10,17,0,AM,Morning
1018,10,18,0,AM,Morning
1019,10,19,0,AM,Morning
1020,10,20,0,AM,Morning
1021,10,21,0,AM,Morning
1022,10,22,0,AM,Morning
1023,10,23,0,AM,Morning
1024,10,24,0,AM,Morning
1025,10,25,0,AM,Morning
1026,10,26,0,AM,Morning
1027,10,27,0,AM,Morning
1028,10,28,0,AM,Morning
1029,10,29,0,AM,Morning
1030,10,30,0,AM,Morning
1031,10,31,0,AM,Morning
1032,10,32,0,AM,Morning
1033,10,33,0,AM,Morning
1034,10,34,0,AM,Morning
1035,10,35,0,AM,Morning
1036,10,36,0,AM,Morning
1037,10,37,0,AM,Morning
1038,10,38,0,AM,Morning
1039,10,39,0,AM,Morning
1040,10,40,0,AM,Morning
1041,10,41,0,AM,Morning
1042,10,42,0,AM,Morning
1043,10,43,0,AM,Morning
1044,10,44,0,AM,Morning
1045,10,45,0,AM,Morning
1046,10,46,0,AM,Morning
1047,10,47,0,AM,Morning
1048,10,48,0,AM,Morning
1049,10,49,0,AM,Morning
1050,10,50,0,AM,Morning
1051,10,51,0,AM,Morning
1052,10,52,0,AM,Morning
1053,10,53,0,AM,Morning
1054,10,54,0,AM,Morning
1055,10,55,0,AM,Morning
1056,10,56,0,AM,Morning
1057,10,57,0,AM,Morning
1058,10,58,0,AM,Morning
1059,10,59,0,AM,Morning
1100,11,0,0,AM,Morning
1101,11,1,0,AM,Morning
1102,11,2,0,AM,Morning
1103,11,3,0,AM,Morning
1104,11,4,0,AM,Morning
1105,11,5,0,AM,Morning
1106,11,6,0,AM,Morning
1107,11,7,0,AM,Morning
1108,11,8,0,AM,Morning
1109,11,9,0,AM,Morning
1110,11,10,0,AM,Morning
1111,11,11,0,AM,Morning
1112,11,12,0,AM,Morning
1113,11,13,0,AM,Morning
1114,11,14,0,AM,Morning
1115,11,15,0,AM,Morning
1116,11,16,0,AM,Morning
1117,11,17,0,AM,Morning
1118,11,18,0,AM,Morning
1119,11,19,0,AM,Morning
1120,11,20,0,AM,Morning
1121,11,21,0,AM,Morning
1122,11,22,0,AM,Morning
1123,11,23,0,AM,Morning
1124,11,24,0,AM,Morning
1125,11,25,0,AM,Morning
1126,11,26,0,AM,Morning
1127,11,27,0,AM,Morning
1128,11,28,0,AM,Morning
1129,11,29,0,AM,Morning
1130,11,30,0,AM,Morning
1131,11,31,0,AM,Morning
1132,11,32,0,AM,Morning
1133,11,33,0,AM,Morning
1134,11,34,0,AM,Morning
1135,11,35,0,AM,Morning
1136,11,36,0,AM,Morning
1137,11,37,0,AM,Morning
1138,11,38,0,AM,Morning
1139,11,39,0,AM,Morning
1140,11,40,0,AM,Morning
1141,11,41,0,AM,Morning
1142,11,42,0,AM,Morning
1143,11,43,0,AM,Morning
1144,11,44,0,AM,Morning
1145,11,45,0,AM,Morning
1146,11,46,0,AM,Morning
1147,11,47,0,AM,Morning
1148,11,48,0,AM,Morning
1149,11,49,0,AM,Morning
1150,11,50,0,AM,Morning
1151,11,51,0,AM,Morning
1152,11,52,0,AM,Morning
1153,11,53,0,AM,Morning
1154,11,54,0,AM,Morning
1155,11,55,0,AM,Morning
1156,11,56,0,AM,Morning
1157,11,57,0,AM,Morning
1158,11,58,0,AM,Morning
1159,11,59,0,AM,Morning
1200,12,0,0,PM,Afternoon
1201,12,1,0,PM,Afternoon
1202,12,2,0,PM,Afternoon
1203,12,3,0,PM,Afternoon
1204,12,4,0,PM,Afternoon
1205,12,5,0,PM,Afternoon
1206,12,6,0,PM,Afternoon
1207,12,7,0,PM,Afternoon
1208,12,8,0,PM,Afternoon
1209,12,9,0,PM,Afternoon
1210,12,10,0,PM,Afternoon
1211,12,11,0,PM,Afternoon
1212,12,12,0,PM,Afternoon
1213,12,13,0,PM,Afternoon
1214,12,14,0,PM,Afternoon
1215,12,15,0,PM,Afternoon
1216,12,16,0,PM,Afternoon
1217,12,17,0,PM,Afternoon
1218,12,18,0,PM,Afternoon
1219,12,19,0,PM,Afternoon
1220,12,20,0,PM,Afternoon
1221,12,21,0,PM,Afternoon
1222,12,22,0,PM,Afternoon
1223,12,23,0,PM,Afternoon
1224,12,24,0,PM,Afternoon
1225,12,25,0,PM,Afternoon
1226,12,26,0,PM,Afternoon
1227,12,27,0,PM,Afternoon
1228,12,28,0,PM,Afternoon
1229,12,29,0,PM,Afternoon
1230,12,30,0,PM,Afternoon
1231,12,31,0,PM,Afternoon
1232,12,32,0,PM,Afternoon
1233,12,33,0,PM,Afternoon
1234,12,34,0,PM,Afternoon
1235,12,35,0,PM,Afternoon
1236,12,36,0,PM,Afternoon
1237,12,37,0,PM,Afternoon
1238,12,38,0,PM,Afternoon
1239,12,39,0,PM,Afternoon
1240,12,40,0,PM,Afternoon
1241,12,41,0,PM,Afternoon
1242,12,42,0,PM,Afternoon
1243,12,43,0,PM,Afternoon
1244,12,44,0,PM,Afternoon
1245,12,45,0,PM,Afternoon
1246,12,46,0,PM,Afternoon
1247,12,47,0,PM,Afternoon
1248,12,48,0,PM,Afternoon
1249,12,49,0,PM,Afternoon
1250,12,50,0,PM,Afternoon
1251,12,51,0,PM,Afternoon
1252,12,52,0,PM,Afternoon
1253,12,53,0,PM,Afternoon
1254,12,54,0,PM,Afternoon
1255,12,55,0,PM,Afternoon
1256,12,56,0,PM,Afternoon
1257,12,57,0,PM,Afternoon
1258,12,58,0,PM,Afternoon
1259,12,59,0,PM,Afternoon
1300,13,0,0,PM,Afternoon
1301,13,1,0,PM,Afternoon
1302,13,2,0,PM,Afternoon
1303,13,3,0,PM,Afternoon
1304,13,4,0,PM,Afternoon
1305,13,5,0,PM,Afternoon
1306,13,6,0,PM,Afternoon
1307,13,7,0,PM,Afternoon
1308,13,8,0,PM,Afternoon
1309,13,9,0,PM,Afternoon
1310,13,10,0,PM,Afternoon
1311,13,11,0,PM,Afternoon
1312,13,12,0,PM,Afternoon
1313,13,13,0,PM,Afternoon
1314,13,14,0,PM,Afternoon
1315,13,15,0,PM,Afternoon
1316,13,16,0,PM,Afternoon
1317,13,17,0,PM,Afternoon
1318,13,18,0,PM,Afternoon
1319,13,19,0,PM,Afternoon
1320,13,20,0,PM,Afternoon
1321,13,21,0,PM,Afternoon
1322,13,22,0,PM,Afternoon
1323,13,23,0,PM,Afternoon
1324,13,24,0,PM,Afternoon
1325,13,25,0,PM,Afternoon
1326,13,26,0,PM,Afternoon
1327,13,27,0,PM,Afternoon
1328,13,28,0,PM,Afternoon
1329,13,29,0,PM,Afternoon
1330,13,30,0,PM,Afternoon
1331,13,31,0,PM,Afternoon
1332,13,32,0,PM,Afternoon
1333,13,33,0,PM,Afternoon
1334,13,34,0,PM,Afternoon
1335,13,35,0,PM,Afternoon
1336,13,36,0,PM,Afternoon
1337,13,37,0,PM,Afternoon
1338,13,38,0,PM,Afternoon
1339,13,39,0,PM,Afternoon
1340,13,40,0,PM,Afternoon
1341,13,41,0,PM,Afternoon
1342,13,42,0,PM,Afternoon
1343,13,43,0,PM,Afternoon
1344,13,44,0,PM,Afternoon
1345,13,45,0,PM,Afternoon
1346,13,46,0,PM,Afternoon
1347,13,47,0,PM,Afternoon
1348,13,48,0,PM,Afternoon
1349,13,49,0,PM,Afternoon
1350,13,50,0,PM,Afternoon
1351,13,51,0,PM,Afternoon
1352,13,52,0,PM,Afternoon
1353,13,53,0,PM,Afternoon
1354,13,54,0,PM,Afternoon
1355,13,55,0,PM,Afternoon
1356,13,56,0,PM,Afternoon
1357,13,57,0,PM,Afternoon
1358,13,58,0,PM,Afternoon
1359,13,59,0,PM,Afternoon
1400,14,0,0,PM,Afternoon
1401,14,1,0,PM,Afternoon
1402,14,2,0,PM,Afternoon
1403,14,3,0,PM,Afternoon
1404,14,4,0,PM,Afternoon
1405,14,5,0,PM,Afternoon
1406,14,6,0,PM,Afternoon
1407,14,7,0,PM,Afternoon
1408,14,8,0,PM,Afternoon
1409,14,9,0,PM,Afternoon
1410,14,10,0,PM,Afternoon
1411,14,11,0,PM,Afternoon
1412,14,12,0,PM,Afternoon
1413,14,13,0,PM,Afternoon
1414,14,14,0,PM,Afternoon
1415,14,15,0,PM,Afternoon
1416,14,16,0,PM,Afternoon
1417,14,17,0,PM,Afternoon
1418,14,18,0,PM,Afternoon
1419,14,19,0,PM,Afternoon
1420,14,20,0,PM,Afternoon
1421,14,21,0,PM,Afternoon
1422,14,22,0,PM,Afternoon
1423,14,23,0,PM,Afternoon
1424,14,24,0,PM,Afternoon
1425,14,25,0,PM,Afternoon
1426,14,26,0,PM,Afternoon
1427,14,27,0,PM,Afternoon
1428,14,28,0,PM,Afternoon
1429,14,29,0,PM,Afternoon
1430,14,30,0,PM,Afternoon
1431,14,31,0,PM,Afternoon
1432,14,32,0,PM,Afternoon
1433,14,33,0,PM,Afternoon
1434,14,34,0,PM,Afternoon
1435,14,35,0,PM,Afternoon
1436,14,36,0,PM,Afternoon
1437,14,37,0,PM,Afternoon
1438,14,38,0,PM,Afternoon
1439,14,39,0,PM,Afternoon
1440,14,40,0,PM,Afternoon
1441,14,41,0,PM,Afternoon
1442,14,42,0,PM,Afternoon
1443,14,43,0,PM,Afternoon
1444,14,44,0,PM,Afternoon
1445,14,45,0,PM,Afternoon
1446,14,46,0,PM,Afternoon
1447,14,47,0,PM,Afternoon
1448,14,48,0,PM,Afternoon
1449,14,49,0,PM,Afternoon
1450,14,50,0,PM,Afternoon
1451,14,51,0,PM,Afternoon
1452,14,52,0,PM,Afternoon
1453,14,53,0,PM,Afternoon
1454,14,54,0,PM,Afternoon
1455,14,55,0,PM,Afternoon
1456,14,56,0,PM,Afternoon
1457,14,57,0,PM,Afternoon
1458,14,58,0,PM,Afternoon
1459,14,59,0,PM,Afternoon
1500,15,0,0,PM,Afternoon
1501,15,1,0,PM,Afternoon
1502,15,2,0,PM,Afternoon
1503,15,3,0,PM,Afternoon
1504,15,4,0,PM,Afternoon
1505,15,5,0,PM,Afternoon
1506,15,6,0,PM,Afternoon
1507,15,7,0,PM,Afternoon
1508,15,8,0,PM,Afternoon
1509,15,9,0,PM,Afternoon
1510,15,10,0,PM,Afternoon
1511,15,11,0,PM,Afternoon
1512,15,12,0,PM,Afternoon
1513,15,13,0,PM,Afternoon
1514,15,14,0,PM,Afternoon
1515,15,15,0,PM,Afternoon
1516,15,16,0,PM,Afternoon
1517,15,17,0,PM,Afternoon
1518,15,18,0,PM,Afternoon
1519,15,19,0,PM,Afternoon
1520,15,20,0,PM,Afternoon
1521,15,21,0,PM,Afternoon
1522,15,22,0,PM,Afternoon
1523,15,23,0,PM,Afternoon
1524,15,24,0,PM,Afternoon
1525,15,25,0,PM,Afternoon
1526,15,26,0,PM,Afternoon
1527,15,27,0,PM,Afternoon
1528,15,28,0,PM,Afternoon
1529,15,29,0,PM,Afternoon
1530,15,30,0,PM,Afternoon
1531,15,31,0,PM,Afternoon
1532,15,32,0,PM,Afternoon
1533,15,33,0,PM,Afternoon
1534,15,34,0,PM,Afternoon
1535,15,35,0,PM,Afternoon
1536,15,36,0,PM,Afternoon
1537,15,37,0,PM,Afternoon
1538,15,38,0,PM,Afternoon
1539,15,39,0,PM,Afternoon
1540,15,40,0,PM,Afternoon
1541,15,41,0,PM,Afternoon
1542,15,42,0,PM,Afternoon
1543,15,43,0,PM,Afternoon
1544,15,44,0,PM,Afternoon
1545,15,45,0,PM,Afternoon
1546,15,46,0,PM,Afternoon
1547,15,47,0,PM,Afternoon
1548,15,48,0,PM,Afternoon
1549,15,49,0,PM,Afternoon
1550,15,50,0,PM,Afternoon
1551,15,51,0,PM,Afternoon
1552,15,52,0,PM,Afternoon
1553,15,53,0,PM,Afternoon
1554,15,54,0,PM,Afternoon
1555,15,55,0,PM,Afternoon
1556,15,56,0,PM,Afternoon
1557,15,57,0,PM,Afternoon
1558,15,58,0,PM,Afternoon
1559,15,59,0,PM,Afternoon
1600,16,0,0,PM,Afternoon
1601,16,1,0,PM,Afternoon
1602,16,2,0,PM,Afternoon
1603,16,3,0,PM,Afternoon
1604,16,4,0,PM,Afternoon
1605,16,5,0,PM,Afternoon
1606,16,6,0,PM,Afternoon
1607,16,7,0,PM,Afternoon
1608,16,8,0,PM,Afternoon
1609,16,9,0,PM,Afternoon
1610,16,10,0,PM,Afternoon
1611,16,11,0,PM,Afternoon
1612,16,12,0,PM,Afternoon
1613,16,13,0,PM,Afternoon
1614,16,14,0,PM,Afternoon
1615,16,15,0,PM,Afternoon
1616,16,16,0,PM,Afternoon
1617,16,17,0,PM,Afternoon
1618,16,18,0,PM,Afternoon
1619,16,19,0,PM,Afternoon
1620,16,20,0,PM,Afternoon
1621,16,21,0,PM,Afternoon
1622,16,22,0,PM,Afternoon
1623,16,23,0,PM,Afternoon
1624,16,24,0,PM,Afternoon
1625,16,25,0,PM,Afternoon
1626,16,26,0,PM,Afternoon
1627,16,27,0,PM,Afternoon
1628,16,28,0,PM,Afternoon
1629,16,29,0,PM,Afternoon
1630,16,30,0,PM,Afternoon
1631,16,31,0,PM,Afternoon
1632,16,32,0,PM,Afternoon
1633,16,33,0,PM,Afternoon
1634,16,34,0,PM,Afternoon
1635,16,35,0,PM,Afternoon
1636,16,36,0,PM,Afternoon
1637,16,37,0,PM,Afternoon
1638,16,38,0,PM,Afternoon
1639,16,39,0,PM,Afternoon
1640,16,40,0,PM,Afternoon
1641,16,41,0,PM,Afternoon
1642,16,42,0,PM,Afternoon
1643,16,43,0,PM,Afternoon
1644,16,44,0,PM,Afternoon
1645,16,45,0,PM,Afternoon
1646,16,46,0,PM,Afternoon
1647,16,47,0,PM,Afternoon
1648,16,48,0,PM,Afternoon
1649,16,49,0,PM,Afternoon
1650,16,50,0,PM,Afternoon
1651,16,51,0,PM,Afternoon
1652,16,52,0,PM,Afternoon
1653,16,53,0,PM,Afternoon
1654,16,54,0,PM,Afternoon
1655,16,55,0,PM,Afternoon
1656,16,56,0,PM,Afternoon
1657,16,57,0,PM,Afternoon
1658,16,58,0,PM,Afternoon
1659,16,59,0,PM,Afternoon
1700,17,0,0,PM,Afternoon
1701,17,1,0,PM,Afternoon
1702,17,2,0,PM,Afternoon
1703,17,3,0,PM,Afternoon
1704,17,4,0,PM,Afternoon
1705,17,5,0,PM,Afternoon
1706,17,6,0,PM,Afternoon
1707,17,7,0,PM,Afternoon
1708,17,8,0,PM,Afternoon
1709,17,9,0,PM,Afternoon
1710,17,10,0,PM,Afternoon
1711,17,11,0,PM,Afternoon
1712,17,12,0,PM,Afternoon
1713,17,13,0,PM,Afternoon
1714,17,14,0,PM,Afternoon
1715,17,15,0,PM,Afternoon
1716,17,16,0,PM,Afternoon
1717,17,17,0,PM,Afternoon
1718,17,18,0,PM,Afternoon
1719,17,19,0,PM,Afternoon
1720,17,20,0,PM,Afternoon
1721,17,21,0,PM,Afternoon
1722,17,22,0,PM,Afternoon
1723,17,23,0,PM,Afternoon
1724,17,24,0,PM,Afternoon
1725,17,25,0,PM,Afternoon
1726,17,26,0,PM,Afternoon
1727,17,27,0,PM,Afternoon
1728,17,28,0,PM,Afternoon
1729,17,29,0,PM,Afternoon
1730,17,30,0,PM,Afternoon
1731,17,31,0,PM,Afternoon
1732,17,32,0,PM,Afternoon
1733,17,33,0,PM,Afternoon
1734,17,34,0,PM,Afternoon
1735,17,35,0,PM,Afternoon
1736,17,36,0,PM,Afternoon
1737,17,37,0,PM,Afternoon
1738,17,38,0,PM,Afternoon
1739,17,39,0,PM,Afternoon
1740,17,40,0,PM,Afternoon
1741,17,41,0,PM,Afternoon
1742,17,42,0,PM,Afternoon
1743,17,43,0,PM,Afternoon
1744,17,44,0,PM,Afternoon
1745,17,45,0,PM,Afternoon
1746,17,46,0,PM,Afternoon
1747,17,47,0,PM,Afternoon
1748,17,48,0,PM,Afternoon
1749,17,49,0,PM,Afternoon
1750,17,50,0,PM,Afternoon
1751,17,51,0,PM,Afternoon
1752,17,52,0,PM,Afternoon
1753,17,53,0,PM,Afternoon
1754,17,54,0,PM,Afternoon
1755,17,55,0,PM,Afternoon
1756,17,56,0,PM,Afternoon
1757,17,57,0,PM,Afternoon
1758,17,58,0,PM,Afternoon
1759,17,59,0,PM,Afternoon
1800,18,0,0,PM,Evening
1801,18,1,0,PM,Evening
1802,18,2,0,PM,Evening
1803,18,3,0,PM,Evening
1804,18,4,0,PM,Evening
1805,18,5,0,PM,Evening
1806,18,6,0,PM,Evening
1807,18,7,0,PM,Evening
1808,18,8,0,PM,Evening
1809,18,9,0,PM,Evening
1810,18,10,0,PM,Evening
1811,18,11,0,PM,Evening
1812,18,12,0,PM,Evening
1813,18,13,0,PM,Evening
1814,18,14,0,PM,Evening
1815,18,15,0,PM,Evening
1816,18,16,0,PM,Evening
1817,18,17,0,PM,Evening
1818,18,18,0,PM,Evening
1819,18,19,0,PM,Evening
1820,18,20,0,PM,Evening
1821,18,21,0,PM,Evening
1822,18,22,0,PM,Evening
1823,18,23,0,PM,Evening
1824,18,24,0,PM,Evening
1825,18,25,0,PM,Evening
1826,18,26,0,PM,Evening
1827,18,27,0,PM,Evening
1828,18,28,0,PM,Evening
1829,18,29,0,PM,Evening
1830,18,30,0,PM,Evening
1831,18,31,0,PM,Evening
1832,18,32,0,PM,Evening
1833,18,33,0,PM,Evening
1834,18,34,0,PM,Evening
1835,18,35,0,PM,Evening
1836,18,36,0,PM,Evening
1837,18,37,0,PM,Evening
1838,18,38,0,PM,Evening
1839,18,39,0,PM,Evening
1840,18,40,0,PM,Evening
1841,18,41,0,PM,Evening
1842,18,42,0,PM,Evening
1843,18,43,0,PM,Evening
1844,18,44,0,PM,Evening
1845,18,45,0,PM,Evening
1846,18,46,0,PM,Evening
1847,18,47,0,PM,Evening
1848,18,48,0,PM,Evening
1849,18,49,0,PM,Evening
1850,18,50,0,PM,Evening
1851,18,51,0,PM,Evening
1852,18,52,0,PM,Evening
1853,18,53,0,PM,Evening
1854,18,54,0,PM,Evening
1855,18,55,0,PM,Evening
1856,18,56,0,PM,Evening
1857,18,57,0,PM,Evening
1858,18,58,0,PM,Evening
1859,18,59,0,PM,Evening
1900,19,0,0,PM,Evening
1901,19,1,0,PM,Evening
1902,19,2,0,PM,Evening
1903,19,3,0,PM,Evening
1904,19,4,0,PM,Evening
1905,19,5,0,PM,Evening
1906,19,6,0,PM,Evening
1907,19,7,0,PM,Evening
1908,19,8,0,PM,Evening
1909,19,9,0,PM,Evening
1910,19,10,0,PM,Evening
1911,19,11,0,PM,Evening
1912,19,12,0,PM,Evening
1913,19,13,0,PM,Evening
1914,19,14,0,PM,Evening
1915,19,15,0,PM,Evening
1916,19,16,0,PM,Evening
1917,19,17,0,PM,Evening
1918,19,18,0,PM,Evening
1919,19,19,0,PM,Evening
1920,19,20,0,PM,Evening
1921,19,21,0,PM,Evening
1922,19,22,0,PM,Evening
1923,19,23,0,PM,Evening
1924,19,24,0,PM,Evening
1925,19,25,0,PM,Evening
1926,19,26,0,PM,Evening
1927,19,27,0,PM,Evening
1928,19,28,0,PM,Evening
1929,19,29,0,PM,Evening
1930,19,30,0,PM,Evening
1931,19,31,0,PM,Evening
1932,19,32,0,PM,Evening
1933,19,33,0,PM,Evening
1934,19,34,0,PM,Evening
1935,19,35,0,PM,Evening
1936,19,36,0,PM,Evening
1937,19,37,0,PM,Evening
1938,19,38,0,PM,Evening
1939,19,39,0,PM,Evening
1940,19,40,0,PM,Evening
1941,19,41,0,PM,Evening
1942,19,42,0,PM,Evening
1943,19,43,0,PM,Evening
1944,19,44,0,PM,Evening
1945,19,45,0,PM,Evening
1946,19,46,0,PM,Evening
1947,19,47,0,PM,Evening
1948,19,48,0,PM,Evening
1949,19,49,0,PM,Evening
1950,19,50,0,PM,Evening
1951,19,51,0,PM,Evening
1952,19,52,0,PM,Evening
1953,19,53,0,PM,Evening
1954,19,54,0,PM,Evening
1955,19,55,0,PM,Evening
1956,19,56,0,PM,Evening
1957,19,57,0,PM,Evening
1958,19,58,0,PM,Evening
1959,19,59,0,PM,Evening
2000,20,0,0,PM,Evening
2001,20,1,0,PM,Evening
2002,20,2,0,PM,Evening
2003,20,3,0,PM,Evening
2004,20,4,0,PM,Evening
2005,20,5,0,PM,Evening
2006,20,6,0,PM,Evening
2007,20,7,0,PM,Evening
2008,20,8,0,PM,Evening
2009,20,9,0,PM,Evening
2010,20,10,0,PM,Evening
2011,20,11,0,PM,Evening
2012,20,12,0,PM,Evening
2013,20,13,0,PM,Evening
2014,20,14,0,PM,Evening
2015,20,15,0,PM,Evening
2016,20,16,0,PM,Evening
2017,20,17,0,PM,Evening
2018,20,18,0,PM,Evening
2019,20,19,0,PM,Evening
2020,20,20,0,PM,Evening
2021,20,21,0,PM,Evening
2022,20,22,0,PM,Evening
2023,20,23,0,PM,Evening
2024,20,24,0,PM,Evening
2025,20,25,0,PM,Evening
2026,20,26,0,PM,Evening
2027,20,27,0,PM,Evening
2028,20,28,0,PM,Evening
2029,20,29,0,PM,Evening
2030,20,30,0,PM,Evening
2031,20,31,0,PM,Evening
2032,20,32,0,PM,Evening
2033,20,33,0,PM,Evening
2034,20,34,0,PM,Evening
2035,20,35,0,PM,Evening
2036,20,36,0,PM,Evening
2037,20,37,0,PM,Evening
2038,20,38,0,PM,Evening
2039,20,39,0,PM,Evening
2040,20,40,0,PM,Evening
2041,20,41,0,PM,Evening
2042,20,42,0,PM,Evening
2043,20,43,0,PM,Evening
2044,20,44,0,PM,Evening
2045,20,45,0,PM,Evening
2046,20,46,0,PM,Evening
2047,20,47,0,PM,Evening
2048,20,48,0,PM,Evening
2049,20,49,0,PM,Evening
2050,20,50,0,PM,Evening
2051,20,51,0,PM,Evening
2052,20,52,0,PM,Evening
2053,20,53,0,PM,Evening
2054,20,54,0,PM,Evening
2055,20,55,0,PM,Evening
2056,20,56,0,PM,Evening
2057,20,57,0,PM,Evening
2058,20,58,0,PM,Evening
2059,20,59,0,PM,Evening
2100,21,0,0,PM,Evening
2101,21,1,0,PM,Evening
2102,21,2,0,PM,Evening
2103,21,3,0,PM,Evening
2104,21,4,0,PM,Evening
2105,21,5,0,PM,Evening
2106,21,6,0,PM,Evening
2107,21,7,0,PM,Evening
2108,21,8,0,PM,Evening
2109,21,9,0,PM,Evening
2110,21,10,0,PM,Evening
2111,21,11,0,PM,Evening
2112,21,12,0,PM,Evening
2113,21,13,0,PM,Evening
2114,21,14,0,PM,Evening
2115,21,15,0,PM,Evening
2116,21,16,0,PM,Evening
2117,21,17,0,PM,Evening
2118,21,18,0,PM,Evening
2119,21,19,0,PM,Evening
2120,21,20,0,PM,Evening
2121,21,21,0,PM,Evening
2122,21,22,0,PM,Evening
2123,21,23,0,PM,Evening
2124,21,24,0,PM,Evening
2125,21,25,0,PM,Evening
2126,21,26,0,PM,Evening
2127,21,27,0,PM,Evening
2128,21,28,0,PM,Evening
2129,21,29,0,PM,Evening
2130,21,30,0,PM,Evening
2131,21,31,0,PM,Evening
2132,21,32,0,PM,Evening
2133,21,33,0,PM,Evening
2134,21,34,0,PM,Evening
2135,21,35,0,PM,Evening
2136,21,36,0,PM,Evening
2137,21,37,0,PM,Evening
2138,21,38,0,PM,Evening
2139,21,39,0,PM,Evening
2140,21,40,0,PM,Evening
2141,21,41,0,PM,Evening
2142,21,42,0,PM,Evening
2143,21,43,0,PM,Evening
2144,21,44,0,PM,Evening
2145,21,45,0,PM,Evening
2146,21,46,0,PM,Evening
2147,21,47,0,PM,Evening
2148,21,48,0,PM,Evening
2149,21,49,0,PM,Evening
2150,21,50,0,PM,Evening
2151,21,51,0,PM,Evening
2152,21,52,0,PM,Evening
2153,21,53,0,PM,Evening
2154,21,54,0,PM,Evening
2155,21,55,0,PM,Evening
2156,21,56,0,PM,Evening
2157,21,57,0,PM,Evening
2158,21,58,0,PM,Evening
2159,21,59,0,PM,Evening
2200,22,0,0,PM,Evening
2201,22,1,0,PM,Evening
2202,22,2,0,PM,Evening
2203,22,3,0,PM,Evening
2204,22,4,0,PM,Evening
2205,22,5,0,PM,Evening
2206,22,6,0,PM,Evening
2207,22,7,0,PM,Evening
2208,22,8,0,PM,Evening
2209,22,9,0,PM,Evening
2210,22,10,0,PM,Evening
2211,22,11,0,PM,Evening
2212,22,12,0,PM,Evening
2213,22,13,0,PM,Evening
2214,22,14,0,PM,Evening
2215,22,15,0,PM,Evening
2216,22,16,0,PM,Evening
2217,22,17,0,PM,Evening
2218,22,18,0,PM,Evening
2219,22,19,0,PM,Evening
2220,22,20,0,PM,Evening
2221,22,21,0,PM,Evening
2222,22,22,0,PM,Evening
2223,22,23,0,PM,Evening
2224,22,24,0,PM,Evening
2225,22,25,0,PM,Evening
2226,22,26,0,PM,Evening
2227,22,27,0,PM,Evening
2228,22,28,0,PM,Evening
2229,22,29,0,PM,Evening
2230,22,30,0,PM,Evening
2231,22,31,0,PM,Evening
2232,22,32,0,PM,Evening
2233,22,33,0,PM,Evening
2234,22,34,0,PM,Evening
2235,22,35,0,PM,Evening
2236,22,36,0,PM,Evening
2237,22,37,0,PM,Evening
2238,22,38,0,PM,Evening
2239,22,39,0,PM,Evening
2240,22,40,0,PM,Evening
2241,22,41,0,PM,Evening
2242,22,42,0,PM,Evening
2243,22,43,0,PM,Evening
2244,22,44,0,PM,Evening
2245,22,45,0,PM,Evening
2246,22,46,0,PM,Evening
2247,22,47,0,PM,Evening
2248,22,48,0,PM,Evening
2249,22,49,0,PM,Evening
2250,22,50,0,PM,Evening
2251,22,51,0,PM,Evening
2252,22,52,0,PM,Evening
2253,22,53,0,PM,Evening
2254,22,54,0,PM,Evening
2255,22,55,0,PM,Evening
2256,22,56,0,PM,Evening
2257,22,57,0,PM,Evening
2258,22,58,0,PM,Evening
2259,22,59,0,PM,Evening
2300,23,0,0,PM,Evening
2301,23,1,0,PM,Evening
2302,23,2,0,PM,Evening
2303,23,3,0,PM,Evening
2304,23,4,0,PM,Evening
2305,23,5,0,PM,Evening
2306,23,6,0,PM,Evening
2307,23,7,0,PM,Evening
2308,23,8,0,PM,Evening
2309,23,9,0,PM,Evening
2310,23,10,0,PM,Evening
2311,23,11,0,PM,Evening
2312,23,12,0,PM,Evening
2313,23,13,0,PM,Evening
2314,23,14,0,PM,Evening
2315,23,15,0,PM,Evening
2316,23,16,0,PM,Evening
2317,23,17,0,PM,Evening
2318,23,18,0,PM,Evening
2319,23,19,0,PM,Evening
2320,23,20,0,PM,Evening
2321,23,21,0,PM,Evening
2322,23,22,0,PM,Evening
2323,23,23,0,PM,Evening
2324,23,24,0,PM,Evening
2325,23,25,0,PM,Evening
2326,23,26,0,PM,Evening
2327,23,27,0,PM,Evening
2328,23,28,0,PM,Evening
2329,23,29,0,PM,Evening
2330,23,30,0,PM,Evening
2331,23,31,0,PM,Evening
2332,23,32,0,PM,Evening
2333,23,33,0,PM,Evening
2334,23,34,0,PM,Evening
2335,23,35,0,PM,Evening
2336,23,36,0,PM,Evening
2337,23,37,0,PM,Evening
2338,23,38,0,PM,Evening
2339,23,39,0,PM,Evening
2340,23,40,0,PM,Evening
2341,23,41,0,PM,Evening
2342,23,42,0,PM,Evening
2343,23,43,0,PM,Evening
2344,23,44,0,PM,Evening
2345,23,45,0,PM,Evening
2346,23,46,0,PM,Evening
2347,23,47,0,PM,Evening
2348,23,48,0,PM,Evening
2349,23,49,0,PM,Evening
2350,23,50,0,PM,Evening
2351,23,51,0,PM,Evening
2352,23,52,0,PM,Evening
2353,23,53,0,PM,Evening
2354,23,54,0,PM,Evening
2355,23,55,0,PM,Evening
2356,23,56,0,PM,Evening
2357,23,57,0,PM,Evening
2358,23,58,0,PM,Evening
2359,23,59,0,PM,Evening
